id,first_name,last_name,email,gender,ip_address
1,Zorah,Mourgue,zmourgue0@w3.org,Female,23.125.20.58
2,Calhoun,Baumadier,cbaumadier1@google.pl,Male,103.41.175.119
3,Pen,Llorens,pllorens2@vkontakte.ru,Male,45.0.179.50
4,Devonne,Rosengart,drosengart3@technorati.com,Female,181.45.38.230
5,Brandy,Lukesch,blukesch4@desdev.cn,Male,139.21.151.213
6,Obadias,Gerhts,ogerhts5@eventbrite.com,Male,50.225.206.201
7,Gilemette,Shotboulte,gshotboulte6@slideshare.net,Female,203.122.250.160
8,Marianna,Emmott,memmott7@cisco.com,Female,201.30.227.122
9,Ebeneser,Czajka,eczajka8@xinhuanet.com,Male,165.213.134.212
10,Em,Grimditch,egrimditch9@ebay.com,Female,222.117.156.249
11,Gregg,Sitlinton,gsitlintona@phpbb.com,Male,50.49.160.238
12,Agata,Simcock,asimcockb@jalbum.net,Female,19.155.12.160
13,Dilly,Lamlin,dlamlinc@wikimedia.org,Male,175.207.5.70
14,Estelle,Litherborough,elitherboroughd@skype.com,Female,242.252.180.124
15,Jasun,Beynkn,jbeynkne@wordpress.org,Male,125.67.80.150
16,Prisca,Baildon,pbaildonf@amazon.co.jp,Female,84.11.202.114
17,Willow,Stanbury,wstanburyg@boston.com,Female,189.6.248.68
18,Corbett,Curley,ccurleyh@earthlink.net,Male,90.107.50.188
19,Sheff,Murdoch,smurdochi@livejournal.com,Male,25.245.105.14
20,Teddy,Dowbiggin,tdowbigginj@arizona.edu,Male,228.119.129.246
21,Pammi,MacCauley,pmaccauleyk@timesonline.co.uk,Female,255.202.107.173
22,Prentiss,Flaxman,pflaxmanl@naver.com,Male,106.158.18.148
23,Helene,Gladding,hgladdingm@cisco.com,Female,171.125.69.83
24,Victoria,Kernermann,vkernermannn@imdb.com,Female,168.31.36.226
25,Sanders,Godwin,sgodwino@sphinn.com,Male,23.87.249.171
26,Morganica,Gilloran,mgilloranp@nbcnews.com,Female,255.69.204.13
27,Myrwyn,Deevey,mdeeveyq@bing.com,Male,173.85.132.207
28,Sydney,Chrestien,schrestienr@vimeo.com,Male,180.52.105.184
29,Aluin,Renshall,arenshalls@sourceforge.net,Male,133.200.35.95
30,Katuscha,Vorley,kvorleyt@xinhuanet.com,Female,66.91.27.119
31,Oswald,Hounihan,ohounihanu@google.cn,Male,218.178.138.101
32,Stafford,Pennycook,spennycookv@cloudflare.com,Male,36.1.47.82
33,Algernon,Hodgin,ahodginw@purevolume.com,Male,33.221.26.215
34,Rayner,Emlyn,remlynx@aol.com,Male,245.208.254.30
35,Manya,Bogays,mbogaysy@google.es,Female,197.4.24.113
36,Angy,Chetwin,achetwinz@vinaora.com,Female,33.55.37.158
37,Lawry,Willoway,lwilloway10@msn.com,Male,28.216.157.88
38,Sterling,Reyson,sreyson11@sohu.com,Male,197.72.206.174
39,Catherina,Westhoff,cwesthoff12@list-manage.com,Female,206.181.97.240
40,Arlette,Laviss,alaviss13@plala.or.jp,Female,53.70.246.21
41,Minda,Govier,mgovier14@pen.io,Female,228.47.91.190
42,Reinaldo,Normanvill,rnormanvill15@patch.com,Male,205.34.139.91
43,Nadean,Pawlaczyk,npawlaczyk16@ihg.com,Female,122.135.72.211
44,Gert,Alentyev,galentyev17@mozilla.com,Female,22.68.72.51
45,Morgen,Gosney,mgosney18@apache.org,Male,61.77.87.137
46,Zorine,Chilton,zchilton19@mail.ru,Female,209.24.33.209
47,Aurlie,McCrohon,amccrohon1a@whitehouse.gov,Female,213.208.111.157
48,Martita,Koschke,mkoschke1b@ow.ly,Female,254.180.212.167
49,Thorvald,Muller,tmuller1c@csmonitor.com,Male,242.41.240.31
50,Tandy,Nanninini,tnanninini1d@themeforest.net,Female,254.98.105.253
51,Alta,Pordal,apordal1e@wordpress.org,Female,255.195.72.39
52,Terza,Burroughes,tburroughes1f@blinklist.com,Female,73.182.240.213
53,Alisha,Yesson,ayesson1g@github.io,Female,172.241.94.211
54,Enrichetta,Old,eold1h@yellowbook.com,Female,166.85.102.210
55,Gherardo,Chagg,gchagg1i@pinterest.com,Male,118.182.1.246
56,Adelaida,Togher,atogher1j@huffingtonpost.com,Female,100.111.82.237
57,Cyrus,Herley,cherley1k@webeden.co.uk,Male,43.133.117.153
58,Bendicty,Bastone,bbastone1l@washingtonpost.com,Male,214.246.130.223
59,Celina,Broadnicke,cbroadnicke1m@berkeley.edu,Female,239.171.132.60
60,Stavro,Eilhart,seilhart1n@tumblr.com,Male,28.42.80.188
61,Salem,Milroy,smilroy1o@nytimes.com,Male,76.6.57.223
62,Ellerey,Taye,etaye1p@scribd.com,Male,168.102.100.194
63,Lizzy,Chaffin,lchaffin1q@europa.eu,Female,160.202.53.62
64,Colas,McGurn,cmcgurn1r@wordpress.com,Male,183.49.217.169
65,Dolores,Ridgwell,dridgwell1s@shutterfly.com,Female,206.123.161.112
66,Christel,Plante,cplante1t@surveymonkey.com,Female,246.202.174.198
67,Fransisco,Gipps,fgipps1u@goo.gl,Male,232.153.82.139
68,Shayne,Farrey,sfarrey1v@chronoengine.com,Male,28.180.239.230
69,Kippy,Moralee,kmoralee1w@myspace.com,Male,16.130.222.79
70,Sheila-kathryn,Wethers,swethers1x@usatoday.com,Female,100.214.162.173
71,Beverly,Cosgrive,bcosgrive1y@adobe.com,Female,200.153.189.22
72,Jobyna,Hopkyns,jhopkyns1z@moonfruit.com,Female,188.231.9.12
73,Florella,Deverock,fdeverock20@java.com,Female,100.138.247.110
74,Ichabod,Lunt,ilunt21@cdbaby.com,Male,170.195.140.226
75,Ambrosio,Cambling,acambling22@spiegel.de,Male,225.27.242.184
76,Bernadette,Nary,bnary23@pagesperso-orange.fr,Female,76.197.251.184
77,Job,Mariaud,jmariaud24@usgs.gov,Male,23.227.148.11
78,Wait,Helks,whelks25@example.com,Male,27.191.1.45
79,Monika,Dobbyn,mdobbyn26@walmart.com,Female,171.74.63.118
80,Torrie,Stallion,tstallion27@salon.com,Female,45.197.190.48
81,Valry,Decourt,vdecourt28@umn.edu,Female,17.244.147.95
82,Alexandro,Marcham,amarcham29@google.nl,Male,175.178.123.140
83,Glyn,Tunder,gtunder2a@yelp.com,Male,23.83.111.64
84,Cazzie,Coneau,cconeau2b@theglobeandmail.com,Male,32.177.229.186
85,Corene,Risman,crisman2c@bizjournals.com,Female,66.245.69.88
86,Erl,Dreher,edreher2d@cdbaby.com,Male,244.111.36.122
87,Corny,Vondracek,cvondracek2e@godaddy.com,Male,169.32.195.71
88,Ulysses,Cutmere,ucutmere2f@godaddy.com,Male,122.66.192.101
89,Clarence,Dangerfield,cdangerfield2g@wufoo.com,Male,52.185.111.141
90,Viviene,Crebo,vcrebo2h@shop-pro.jp,Female,9.254.62.137
91,Skipper,Roycroft,sroycroft2i@naver.com,Male,17.170.94.239
92,Hebert,Bennison,hbennison2j@4shared.com,Male,230.152.39.193
93,Pieter,Mellsop,pmellsop2k@sohu.com,Male,65.55.63.138
94,Merle,Kusick,mkusick2l@list-manage.com,Female,135.220.144.117
95,Biddy,Frissell,bfrissell2m@zimbio.com,Female,60.42.107.31
96,Tatum,McTeggart,tmcteggart2n@github.io,Female,110.19.130.91
97,Davy,Coweuppe,dcoweuppe2o@prweb.com,Male,158.228.104.90
98,Lily,Willden,lwillden2p@economist.com,Female,186.111.11.89
99,Karlan,Le feuvre,klefeuvre2q@nih.gov,Male,104.220.159.49
100,Winifred,Ivatt,wivatt2r@nbcnews.com,Female,186.156.75.205
101,Lyndsey,Romaines,lromaines2s@bravesites.com,Female,179.44.207.34
102,Maible,Ace,mace2t@free.fr,Female,134.246.53.180
103,Brenn,Olyfat,bolyfat2u@illinois.edu,Female,61.18.136.6
104,Hymie,Swafield,hswafield2v@china.com.cn,Male,54.47.186.231
105,Benedicto,Biesinger,bbiesinger2w@usnews.com,Male,70.246.243.150
106,Lia,Bellon,lbellon2x@purevolume.com,Female,206.43.230.237
107,Oralia,Donativo,odonativo2y@a8.net,Female,84.22.242.156
108,Malachi,Blissitt,mblissitt2z@admin.ch,Male,138.155.167.218
109,Aland,Dalglish,adalglish30@vkontakte.ru,Male,182.245.41.13
110,Zorana,Regardsoe,zregardsoe31@nymag.com,Female,55.240.102.0
111,Montgomery,Arnfield,marnfield32@chronoengine.com,Male,112.0.188.169
112,Aristotle,Rampley,arampley33@xinhuanet.com,Male,70.118.149.244
113,Ham,Crinidge,hcrinidge34@1und1.de,Male,84.214.50.139
114,Belita,MacCathay,bmaccathay35@marriott.com,Female,73.166.90.114
115,Emilio,Lansdown,elansdown36@umich.edu,Male,100.14.88.41
116,Angelika,McGebenay,amcgebenay37@is.gd,Female,60.111.149.131
117,Con,Muscat,cmuscat38@yolasite.com,Male,49.219.94.174
118,Wash,Housecraft,whousecraft39@cisco.com,Male,100.80.224.50
119,Umeko,Bewly,ubewly3a@chronoengine.com,Female,209.228.82.146
120,Dorie,Phoebe,dphoebe3b@tinypic.com,Female,251.200.136.182
121,Nerissa,Coggill,ncoggill3c@fotki.com,Female,102.52.102.174
122,Clary,Insworth,cinsworth3d@irs.gov,Female,118.178.19.125
123,Dorey,MacAlester,dmacalester3e@ovh.net,Male,2.157.123.241
124,Lorette,Bowles,lbowles3f@blogtalkradio.com,Female,214.246.76.136
125,Nananne,Kolodziejski,nkolodziejski3g@shareasale.com,Female,199.27.111.176
126,Joey,Kirkness,jkirkness3h@howstuffworks.com,Male,190.13.254.231
127,Annetta,Ganley,aganley3i@mail.ru,Female,204.91.31.208
128,Amberly,Crecy,acrecy3j@mapquest.com,Female,123.74.173.143
129,Luci,Louedey,llouedey3k@vinaora.com,Female,122.11.128.231
130,Jedidiah,Hansbury,jhansbury3l@timesonline.co.uk,Male,163.0.231.69
131,Bondy,Newbegin,bnewbegin3m@examiner.com,Male,93.61.92.11
132,Jeno,Keeves,jkeeves3n@wordpress.com,Male,20.171.4.58
133,Dore,Leif,dleif3o@typepad.com,Female,215.222.135.250
134,Milli,Anand,manand3p@gmpg.org,Female,74.17.61.234
135,Oliy,Sheppey,osheppey3q@npr.org,Female,120.197.91.25
136,Curr,Waterworth,cwaterworth3r@mayoclinic.com,Male,17.193.143.81
137,Abie,Ahmed,aahmed3s@rakuten.co.jp,Male,217.143.31.132
138,Godfree,Cheshire,gcheshire3t@earthlink.net,Male,136.180.130.119
139,Kiersten,Bunford,kbunford3u@nasa.gov,Female,180.52.242.95
140,Frank,Normanton,fnormanton3v@pbs.org,Male,134.150.36.189
141,Romy,Prydie,rprydie3w@tmall.com,Female,32.228.186.114
142,Andy,Scanlin,ascanlin3x@wufoo.com,Female,218.254.85.86
143,Stacy,Dorie,sdorie3y@netvibes.com,Male,52.243.65.132
144,Hamid,Lohrensen,hlohrensen3z@yahoo.co.jp,Male,20.140.148.177
145,Lemuel,Fincham,lfincham40@privacy.gov.au,Male,182.237.66.65
146,Yves,Kiljan,ykiljan41@umich.edu,Male,173.210.154.69
147,Abagael,Cuddon,acuddon42@accuweather.com,Female,196.25.130.40
148,Lari,Cleveley,lcleveley43@dagondesign.com,Female,46.136.183.209
149,Ulberto,Grandison,ugrandison44@mapquest.com,Male,19.159.32.179
150,Chadd,Collop,ccollop45@ebay.com,Male,148.125.182.119
151,Georgine,Bramstom,gbramstom46@github.com,Female,104.221.235.154
152,Kerwinn,Espinas,kespinas47@shop-pro.jp,Male,212.1.128.15
153,Shaughn,Bentjens,sbentjens48@technorati.com,Male,246.154.145.252
154,Gillian,Bazeley,gbazeley49@uol.com.br,Female,27.125.31.146
155,Gerry,Collisson,gcollisson4a@ezinearticles.com,Male,48.231.47.254
156,Lawrence,Towsie,ltowsie4b@webeden.co.uk,Male,254.83.222.243
157,Der,Richfield,drichfield4c@berkeley.edu,Male,182.209.88.199
158,Kennedy,Symonds,ksymonds4d@squarespace.com,Male,143.90.58.77
159,Averil,Eliaz,aeliaz4e@infoseek.co.jp,Female,205.119.144.214
160,Othello,Callard,ocallard4f@posterous.com,Male,56.10.79.103
161,Bartlett,Ninnoli,bninnoli4g@photobucket.com,Male,124.66.85.62
162,Sergio,Yerrall,syerrall4h@fda.gov,Male,57.126.213.86
163,Sadella,Dawes,sdawes4i@marriott.com,Female,162.86.52.22
164,Vida,Murton,vmurton4j@sbwire.com,Female,40.7.119.82
165,Cilka,Renn,crenn4k@google.com.br,Female,221.15.217.161
166,Sonia,Schrieves,sschrieves4l@msu.edu,Female,161.178.151.66
167,Waylin,Klimuk,wklimuk4m@merriam-webster.com,Male,66.76.183.240
168,Kat,Snookes,ksnookes4n@acquirethisname.com,Female,2.200.199.226
169,Broddy,Toffoloni,btoffoloni4o@lulu.com,Male,5.93.197.223
170,Myrle,Sparling,msparling4p@nature.com,Female,16.28.80.180
171,Lisabeth,Airth,lairth4q@smugmug.com,Female,234.209.11.118
172,Aaren,Weekley,aweekley4r@alibaba.com,Female,125.158.64.192
173,Preston,Searl,psearl4s@infoseek.co.jp,Male,77.152.132.10
174,Immanuel,Arnaudet,iarnaudet4t@bloglovin.com,Male,112.0.180.61
175,Brod,Muat,bmuat4u@dropbox.com,Male,209.103.200.228
176,Becki,Enston,benston4v@hhs.gov,Female,115.214.148.231
177,Englebert,Eckersley,eeckersley4w@wikipedia.org,Male,106.22.142.134
178,Putnem,Frankema,pfrankema4x@yale.edu,Male,29.51.205.106
179,Cchaddie,Stock,cstock4y@trellian.com,Male,252.70.243.114
180,Debera,Juarez,djuarez4z@hexun.com,Female,133.0.93.226
181,Jorgan,Kristoffersson,jkristoffersson50@illinois.edu,Male,124.231.240.219
182,Teressa,Davydkov,tdavydkov51@jugem.jp,Female,52.163.31.247
183,Shirley,Guilbert,sguilbert52@fc2.com,Female,60.117.76.143
184,Stanly,Dandison,sdandison53@cnn.com,Male,31.227.217.87
185,Christen,Lord,clord54@amazon.de,Female,13.90.183.217
186,Darcie,Keir,dkeir55@cam.ac.uk,Female,50.82.56.5
187,Obidiah,Fern,ofern56@shop-pro.jp,Male,131.48.36.108
188,Emmery,Fairham,efairham57@netscape.com,Male,30.14.249.124
189,Saunders,Hamnet,shamnet58@posterous.com,Male,66.218.17.71
190,Germayne,Pikesley,gpikesley59@webnode.com,Male,96.138.224.27
191,Noby,Vere,nvere5a@archive.org,Male,168.190.3.8
192,Brucie,Tackle,btackle5b@1688.com,Male,1.229.104.82
193,Fawnia,Berthel,fberthel5c@theglobeandmail.com,Female,243.212.53.144
194,Aldric,Veljes,aveljes5d@hatena.ne.jp,Male,120.109.115.0
195,Consuela,Axelbey,caxelbey5e@goo.gl,Female,159.18.89.96
196,Corissa,Philipard,cphilipard5f@arizona.edu,Female,162.219.23.168
197,Kare,Cardenosa,kcardenosa5g@addthis.com,Female,187.80.105.203
198,Abbi,Corter,acorter5h@buzzfeed.com,Female,198.253.45.222
199,Chane,Fotitt,cfotitt5i@disqus.com,Male,173.168.36.83
200,Ray,Wolfendale,rwolfendale5j@hugedomains.com,Male,5.2.124.251
201,Cammy,Semeniuk,csemeniuk5k@nps.gov,Male,100.247.106.100
202,Madelena,Reavell,mreavell5l@odnoklassniki.ru,Female,227.101.35.128
203,Madelaine,Mohammad,mmohammad5m@fotki.com,Female,90.87.6.132
204,Giana,Zappel,gzappel5n@microsoft.com,Female,120.42.172.109
205,Dale,Pye,dpye5o@squarespace.com,Male,180.18.89.229
206,Starla,Unwin,sunwin5p@360.cn,Female,241.6.182.167
207,Amalle,Mottley,amottley5q@phpbb.com,Female,145.6.99.57
208,Brittan,Camble,bcamble5r@dmoz.org,Female,174.180.159.60
209,Seka,Fiddler,sfiddler5s@hexun.com,Female,65.74.30.46
210,Sofia,Karolewski,skarolewski5t@japanpost.jp,Female,59.136.230.211
211,Silvanus,Mager,smager5u@marketwatch.com,Male,118.3.142.216
212,Joell,Norrie,jnorrie5v@yale.edu,Female,178.129.103.176
213,Darby,Clemow,dclemow5w@163.com,Female,239.224.182.239
214,Lurette,Deal,ldeal5x@slate.com,Female,253.10.168.35
215,Zaccaria,Bridgen,zbridgen5y@yolasite.com,Male,118.4.167.6
216,Juanita,Lude,jlude5z@free.fr,Female,122.62.177.216
217,Anestassia,Brayley,abrayley60@ycombinator.com,Female,81.157.85.105
218,Sonya,Brewins,sbrewins61@guardian.co.uk,Female,225.32.78.185
219,Claude,Clipson,cclipson62@nature.com,Female,217.96.119.126
220,Zara,De Atta,zdeatta63@printfriendly.com,Female,219.237.209.51
221,Daloris,Treend,dtreend64@cdbaby.com,Female,222.245.166.64
222,Eleanor,Riglesford,eriglesford65@cmu.edu,Female,207.223.168.162
223,Suzette,Cissell,scissell66@spiegel.de,Female,134.149.40.148
224,Glynn,Woodvine,gwoodvine67@ted.com,Male,21.14.225.169
225,Myrna,Harses,mharses68@boston.com,Female,135.137.170.73
226,Grantham,Pargeter,gpargeter69@canalblog.com,Male,83.150.186.184
227,Dmitri,Ratlee,dratlee6a@deliciousdays.com,Male,155.193.73.142
228,Alexandr,Presdee,apresdee6b@abc.net.au,Male,185.189.101.198
229,Harcourt,Caddy,hcaddy6c@simplemachines.org,Male,176.61.200.191
230,Valeda,Quick,vquick6d@nps.gov,Female,36.95.200.62
231,Zachariah,Housaman,zhousaman6e@noaa.gov,Male,100.155.225.166
232,Sondra,Greville,sgreville6f@cpanel.net,Female,198.132.17.43
233,Jojo,Hymer,jhymer6g@nyu.edu,Female,5.106.102.90
234,Harriet,Ealden,healden6h@odnoklassniki.ru,Female,94.229.36.1
235,Melinde,Sweett,msweett6i@sakura.ne.jp,Female,246.215.186.70
236,Clerkclaude,Woodrup,cwoodrup6j@psu.edu,Male,214.234.15.99
237,Griselda,Pinchin,gpinchin6k@zimbio.com,Female,151.47.97.16
238,Grier,Artois,gartois6l@addtoany.com,Female,120.42.1.118
239,Clem,Izhak,cizhak6m@aboutads.info,Female,25.20.85.48
240,Kahaleel,Barthelemy,kbarthelemy6n@cam.ac.uk,Male,8.74.162.202
241,Woodie,Midgley,wmidgley6o@sfgate.com,Male,9.180.221.188
242,Kincaid,O'Hallagan,kohallagan6p@unblog.fr,Male,137.98.168.228
243,Ernie,Murricanes,emurricanes6q@arizona.edu,Male,255.25.155.148
244,Crysta,Nattriss,cnattriss6r@issuu.com,Female,127.146.109.10
245,Elva,Troke,etroke6s@springer.com,Female,29.127.14.242
246,Siffre,Woodhall,swoodhall6t@sitemeter.com,Male,92.3.91.201
247,Louise,Kienzle,lkienzle6u@blogtalkradio.com,Female,1.151.190.182
248,Lorain,Duffield,lduffield6v@indiegogo.com,Female,43.55.199.30
249,Duky,Risbridge,drisbridge6w@youtube.com,Male,210.45.122.97
250,Audre,Mardall,amardall6x@fda.gov,Female,29.122.152.12
251,Allys,Saville,asaville6y@theglobeandmail.com,Female,210.19.103.210
252,Shoshana,Josephson,sjosephson6z@tuttocitta.it,Female,68.242.251.48
253,Lemmy,Bernat,lbernat70@acquirethisname.com,Male,210.185.30.175
254,Damon,Labbe,dlabbe71@prnewswire.com,Male,182.169.127.220
255,Tuesday,Gable,tgable72@wikipedia.org,Female,150.253.117.157
256,Normand,Maccraw,nmaccraw73@arizona.edu,Male,90.27.64.25
257,Petunia,Traylen,ptraylen74@furl.net,Female,147.135.149.90
258,Leanna,Stryde,lstryde75@ifeng.com,Female,58.120.69.104
259,Collette,Walework,cwalework76@plala.or.jp,Female,74.60.141.165
260,Elsworth,Spendley,espendley77@kickstarter.com,Male,247.40.126.84
261,Donetta,Dmitr,ddmitr78@t-online.de,Female,209.31.197.88
262,Boigie,Sumpton,bsumpton79@studiopress.com,Male,230.105.224.56
263,Rufe,Helstrip,rhelstrip7a@facebook.com,Male,31.210.128.61
264,Sile,Guillotin,sguillotin7b@gravatar.com,Female,86.159.62.147
265,Lynelle,Spoerl,lspoerl7c@imageshack.us,Female,217.79.22.46
266,Cordell,Fruish,cfruish7d@cdbaby.com,Male,227.168.167.187
267,Sherline,Lindstedt,slindstedt7e@histats.com,Female,164.203.17.130
268,Ericka,Bier,ebier7f@cdbaby.com,Female,22.154.175.29
269,Olenolin,Zanazzi,ozanazzi7g@businesswire.com,Male,235.170.54.72
270,Hayyim,Whall,hwhall7h@gmpg.org,Male,239.178.170.42
271,Tomlin,Pudney,tpudney7i@cloudflare.com,Male,214.149.152.249
272,Damon,Matyatin,dmatyatin7j@wikia.com,Male,18.234.2.191
273,Giffie,McKibbin,gmckibbin7k@surveymonkey.com,Male,79.118.243.218
274,Sharyl,Rilton,srilton7l@eventbrite.com,Female,53.152.123.87
275,Kenon,Lough,klough7m@t.co,Male,187.54.43.3
276,Brantley,Leppington,bleppington7n@latimes.com,Male,48.11.173.73
277,Ashbey,Van der Kruys,avanderkruys7o@i2i.jp,Male,163.213.119.21
278,Dennison,Dugmore,ddugmore7p@surveymonkey.com,Male,208.102.65.245
279,Ricard,Pummery,rpummery7q@nature.com,Male,183.232.91.188
280,Codee,Chaffe,cchaffe7r@exblog.jp,Female,179.240.49.216
281,Alejandro,Dailey,adailey7s@ucoz.ru,Male,23.213.245.108
282,Ula,Lehrer,ulehrer7t@free.fr,Female,154.229.181.66
283,Starlene,Kittley,skittley7u@about.com,Female,224.158.40.184
284,Kerianne,Jedrzej,kjedrzej7v@marketwatch.com,Female,190.243.116.233
285,Sadie,Tytterton,stytterton7w@examiner.com,Female,62.11.90.210
286,Edd,McLucas,emclucas7x@vistaprint.com,Male,169.45.86.29
287,Ellie,Ballinghall,eballinghall7y@wp.com,Female,125.165.26.23
288,Estrellita,Redsall,eredsall7z@desdev.cn,Female,247.73.92.98
289,Lindsey,Kydde,lkydde80@comcast.net,Male,189.32.19.126
290,Olympe,Mardee,omardee81@vinaora.com,Female,2.141.42.177
291,Abigail,Allington,aallington82@github.io,Female,198.226.109.224
292,Tarrah,Haymes,thaymes83@sfgate.com,Female,167.66.141.31
293,Gabriel,Wolfendale,gwolfendale84@myspace.com,Female,237.80.163.16
294,Crichton,Scarre,cscarre85@friendfeed.com,Male,246.228.48.235
295,Giuseppe,Normanvell,gnormanvell86@microsoft.com,Male,211.172.78.249
296,Del,Downing,ddowning87@wunderground.com,Male,142.216.176.253
297,Ches,Woodall,cwoodall88@ucoz.ru,Male,221.92.189.126
298,Tabby,Goodbanne,tgoodbanne89@hud.gov,Male,197.206.246.149
299,Madelle,Duligall,mduligall8a@yale.edu,Female,199.7.82.52
300,Read,Iowarch,riowarch8b@fema.gov,Male,15.4.208.4
301,Flynn,Joskovitch,fjoskovitch8c@gravatar.com,Male,117.191.165.25
302,Teodoor,Enriquez,tenriquez8d@webeden.co.uk,Male,79.86.158.142
303,Lana,Morrallee,lmorrallee8e@fema.gov,Female,57.11.157.1
304,Adelice,Winterburn,awinterburn8f@themeforest.net,Female,7.124.78.82
305,Alvie,Tinsley,atinsley8g@about.com,Male,156.9.93.43
306,Guy,Chalk,gchalk8h@youtube.com,Male,29.46.105.104
307,Gayler,Gierke,ggierke8i@unicef.org,Male,153.26.73.6
308,Quent,McMurraya,qmcmurraya8j@chron.com,Male,19.138.138.246
309,Yelena,Cornwall,ycornwall8k@usgs.gov,Female,222.246.45.154
310,Rhodie,Gerkens,rgerkens8l@cmu.edu,Female,0.79.120.93
311,Hebert,Abbes,habbes8m@friendfeed.com,Male,56.194.48.105
312,Hewitt,Cutmore,hcutmore8n@constantcontact.com,Male,47.188.68.130
313,Timoteo,Gingel,tgingel8o@tiny.cc,Male,41.50.91.233
314,Barry,Dallmann,bdallmann8p@dailymotion.com,Female,20.101.220.106
315,Averil,Unwins,aunwins8q@issuu.com,Male,93.26.150.129
316,Kesley,Klulik,kklulik8r@mozilla.com,Female,78.162.150.77
317,Aeriela,Tibbs,atibbs8s@blogtalkradio.com,Female,132.152.243.246
318,Deane,Corbould,dcorbould8t@imdb.com,Female,137.170.47.33
319,Annadiane,Scay,ascay8u@photobucket.com,Female,199.128.110.95
320,Sherwin,Grigolashvill,sgrigolashvill8v@wikispaces.com,Male,169.152.36.223
321,Celle,Ozelton,cozelton8w@etsy.com,Female,191.237.145.41
322,Kore,Witherby,kwitherby8x@berkeley.edu,Female,30.81.147.186
323,Krysta,Dundendale,kdundendale8y@virginia.edu,Female,88.189.115.71
324,Dilly,Callington,dcallington8z@sfgate.com,Male,27.58.116.21
325,Natassia,Redmond,nredmond90@tripadvisor.com,Female,183.30.98.193
326,Simeon,Vlasin,svlasin91@comsenz.com,Male,102.135.185.17
327,Gardie,Kassidy,gkassidy92@mail.ru,Male,113.212.52.86
328,Buddy,Seniour,bseniour93@accuweather.com,Male,108.193.202.185
329,Caterina,Silverman,csilverman94@sakura.ne.jp,Female,213.26.23.47
330,Curtice,Van Rembrandt,cvanrembrandt95@bandcamp.com,Male,61.75.190.8
331,Alfi,Van Der Weedenburg,avanderweedenburg96@army.mil,Female,18.0.76.123
332,Yancy,McGilbon,ymcgilbon97@alibaba.com,Male,237.56.188.5
333,Frans,Cockitt,fcockitt98@guardian.co.uk,Male,197.114.240.148
334,Kellie,Mughal,kmughal99@opera.com,Female,150.157.188.70
335,Ulrika,Huc,uhuc9a@linkedin.com,Female,182.130.94.101
336,Tibold,covino,tcovino9b@cbsnews.com,Male,193.131.231.220
337,Kaye,Putten,kputten9c@hud.gov,Female,126.97.124.57
338,Lilias,Wagstaffe,lwagstaffe9d@google.pl,Female,129.153.160.237
339,Valerye,Saladine,vsaladine9e@1688.com,Female,21.166.94.215
340,Ransell,Niesel,rniesel9f@google.nl,Male,105.124.100.96
341,Torre,Edyson,tedyson9g@example.com,Male,139.154.245.18
342,Gertrudis,Corss,gcorss9h@patch.com,Female,236.38.68.115
343,Ivor,Doche,idoche9i@springer.com,Male,244.144.231.61
344,Cos,Reisin,creisin9j@salon.com,Male,199.245.42.167
345,Nicholas,Kordt,nkordt9k@dropbox.com,Male,220.6.146.111
346,Peyter,Tween,ptween9l@biblegateway.com,Male,219.40.74.134
347,Penrod,Dods,pdods9m@cocolog-nifty.com,Male,137.41.61.119
348,Ambrosius,Kitman,akitman9n@usatoday.com,Male,192.41.217.2
349,Benedicta,Gercken,bgercken9o@statcounter.com,Female,107.239.105.140
350,Sasha,Blakeborough,sblakeborough9p@bloomberg.com,Male,33.20.69.41
351,Tana,Harriskine,tharriskine9q@dot.gov,Female,114.142.7.140
352,Edyth,Roche,eroche9r@phpbb.com,Female,30.17.189.13
353,Royal,Somersett,rsomersett9s@tmall.com,Male,104.38.145.170
354,Virgilio,Munby,vmunby9t@pinterest.com,Male,204.42.227.238
355,Welbie,Roswarn,wroswarn9u@seesaa.net,Male,121.106.29.234
356,Alex,Eckhard,aeckhard9v@whitehouse.gov,Male,229.87.9.20
357,Josi,Cuningham,jcuningham9w@miitbeian.gov.cn,Female,51.146.133.147
358,Cinda,Riba,criba9x@i2i.jp,Female,152.233.106.115
359,Puff,Birckmann,pbirckmann9y@bluehost.com,Male,100.167.147.145
360,Broddie,Spreckley,bspreckley9z@liveinternet.ru,Male,5.51.67.82
361,Bunnie,Howat,bhowata0@jugem.jp,Female,166.15.104.193
362,Richardo,Henriquet,rhenriqueta1@sfgate.com,Male,176.215.186.151
363,Stefanie,Hatherleigh,shatherleigha2@washington.edu,Female,251.114.74.54
364,Afton,Heading,aheadinga3@bbc.co.uk,Female,241.21.2.66
365,Charo,Stannus,cstannusa4@princeton.edu,Female,146.44.4.243
366,Chilton,Shakelady,cshakeladya5@google.ca,Male,73.169.29.206
367,Verene,Trump,vtrumpa6@ucoz.ru,Female,167.7.252.152
368,Colly,McQueen,cmcqueena7@dell.com,Female,250.226.5.16
369,Sharleen,Buckett,sbucketta8@artisteer.com,Female,125.66.56.32
370,Luca,Danniell,ldanniella9@ftc.gov,Male,222.237.184.61
371,Anett,Campos,acamposaa@360.cn,Female,150.4.8.85
372,Katha,Crellin,kcrellinab@flavors.me,Female,66.249.243.64
373,Judie,Duddy,jduddyac@slate.com,Female,106.120.2.14
374,Gussi,Clemas,gclemasad@ucoz.ru,Female,250.152.211.238
375,Renee,Chippindale,rchippindaleae@fotki.com,Female,141.57.74.20
376,Normy,Gronw,ngronwaf@linkedin.com,Male,204.23.244.19
377,Araldo,Errowe,aerroweag@spotify.com,Male,111.21.28.73
378,Eadmund,Groven,egrovenah@elpais.com,Male,52.123.137.142
379,Claudianus,Macari,cmacariai@live.com,Male,17.144.78.46
380,Scarlett,Zeplin,szeplinaj@google.com.br,Female,68.97.44.184
381,Eda,Tesyro,etesyroak@about.com,Female,61.229.109.115
382,Torr,Jenne,tjenneal@cnbc.com,Male,55.138.118.49
383,Dunstan,Glandon,dglandonam@1688.com,Male,37.96.254.51
384,Tony,Feldmesser,tfeldmesseran@ca.gov,Female,11.56.219.142
385,Suzann,Dovidian,sdovidianao@fc2.com,Female,220.252.91.159
386,Kean,Dumbleton,kdumbletonap@zdnet.com,Male,155.172.138.88
387,August,Grewe,agreweaq@theatlantic.com,Male,139.233.99.212
388,Ellary,Ommanney,eommanneyar@mysql.com,Male,97.176.59.92
389,Jourdan,Van Der Weedenburg,jvanderweedenburgas@twitpic.com,Female,240.77.48.222
390,Oralia,Coneybeare,oconeybeareat@bbb.org,Female,226.8.50.202
391,Judi,Staneland,jstanelandau@quantcast.com,Female,95.82.17.151
392,Trina,Breeton,tbreetonav@opera.com,Female,132.240.38.133
393,Mario,Yeskin,myeskinaw@sciencedaily.com,Male,214.8.195.203
394,Weider,Scotney,wscotneyax@sourceforge.net,Male,251.107.161.154
395,Kiah,Portress,kportressay@flavors.me,Female,59.177.164.142
396,Sinclare,Guiel,sguielaz@shinystat.com,Male,77.249.99.105
397,Lolly,Cundict,lcundictb0@omniture.com,Female,37.66.231.141
398,Charmine,Filyukov,cfilyukovb1@loc.gov,Female,60.251.24.102
399,Glori,Dowsing,gdowsingb2@lulu.com,Female,83.56.218.182
400,Brody,Revel,brevelb3@mozilla.com,Male,177.243.134.137
401,Madlen,Bulstrode,mbulstrodeb4@msn.com,Female,141.210.44.143
402,Guenna,Rodwell,grodwellb5@plala.or.jp,Female,114.181.12.87
403,Kerwin,Moorcroft,kmoorcroftb6@samsung.com,Male,82.70.51.186
404,Koral,Cator,kcatorb7@arizona.edu,Female,89.218.241.160
405,Tedman,Claxton,tclaxtonb8@europa.eu,Male,220.186.221.29
406,Mathian,Oakwell,moakwellb9@businessweek.com,Male,24.143.87.185
407,Irv,Ryley,iryleyba@vk.com,Male,220.14.58.117
408,Khalil,Grinter,kgrinterbb@wufoo.com,Male,97.69.238.92
409,Jessie,Bengtsson,jbengtssonbc@plala.or.jp,Male,14.61.89.3
410,Winnie,Boodell,wboodellbd@statcounter.com,Male,117.113.179.245
411,Malory,Mascall,mmascallbe@miibeian.gov.cn,Female,23.188.52.216
412,Werner,Maloney,wmaloneybf@fastcompany.com,Male,60.30.98.76
413,Gelya,Zettler,gzettlerbg@yelp.com,Female,246.117.2.224
414,Dorian,Stoney,dstoneybh@51.la,Male,96.74.225.225
415,Cullan,Anstead,cansteadbi@exblog.jp,Male,15.26.192.3
416,Loleta,Jiroutka,ljiroutkabj@furl.net,Female,29.7.55.233
417,Pooh,Tortoise,ptortoisebk@angelfire.com,Male,86.120.141.235
418,Elena,Corney,ecorneybl@trellian.com,Female,167.203.131.29
419,Kristi,Kuzma,kkuzmabm@zimbio.com,Female,106.109.145.41
420,Teddy,Reicherz,treicherzbn@wsj.com,Male,47.214.247.26
421,Arabella,Pighills,apighillsbo@rakuten.co.jp,Female,248.106.135.251
422,Grenville,Rowter,growterbp@google.co.jp,Male,116.151.26.232
423,Marcel,Curcher,mcurcherbq@example.com,Male,98.113.240.228
424,Baxie,Caldecourt,bcaldecourtbr@bluehost.com,Male,30.71.90.147
425,Leesa,Blowen,lblowenbs@hud.gov,Female,209.234.107.22
426,Chiquita,Kruschev,ckruschevbt@google.fr,Female,152.136.130.221
427,Rudolf,Wheelton,rwheeltonbu@miibeian.gov.cn,Male,81.51.61.213
428,Robinette,Kirkbright,rkirkbrightbv@europa.eu,Female,41.140.34.96
429,Joleen,Mallatratt,jmallatrattbw@techcrunch.com,Female,86.115.188.84
430,Iolanthe,Petters,ipettersbx@prlog.org,Female,226.4.91.126
431,Fanchon,Pepperrall,fpepperrallby@berkeley.edu,Female,46.183.96.103
432,Alexandra,Gland,aglandbz@bbc.co.uk,Female,150.23.6.214
433,Sven,Camili,scamilic0@w3.org,Male,76.104.248.1
434,Dario,Dudden,dduddenc1@example.com,Male,125.103.253.10
435,Yorke,Purrier,ypurrierc2@comsenz.com,Male,44.243.238.23
436,Sybil,Colliar,scolliarc3@simplemachines.org,Female,36.240.220.112
437,Claresta,Linsay,clinsayc4@hibu.com,Female,210.70.111.106
438,Eddie,Domesday,edomesdayc5@nydailynews.com,Male,189.101.40.28
439,Valdemar,Benge,vbengec6@netscape.com,Male,199.28.91.82
440,Corbie,Tollfree,ctollfreec7@imageshack.us,Male,167.16.203.243
441,Gerik,Mashro,gmashroc8@seattletimes.com,Male,3.148.229.209
442,Durant,Biesinger,dbiesingerc9@themeforest.net,Male,240.58.154.2
443,Lemmie,Lamba,llambaca@discuz.net,Male,244.182.15.150
444,De witt,Furley,dfurleycb@guardian.co.uk,Male,152.105.65.224
445,Deanne,Sedgman,dsedgmancc@gravatar.com,Female,203.241.208.193
446,Verla,Abatelli,vabatellicd@woothemes.com,Female,81.40.169.187
447,Onfre,Shellum,oshellumce@indiegogo.com,Male,33.92.10.90
448,Leopold,Aloigi,laloigicf@census.gov,Male,167.21.80.9
449,Alexina,Gladwell,agladwellcg@nih.gov,Female,114.201.42.58
450,Florian,Keneleyside,fkeneleysidech@wordpress.org,Male,103.1.3.19
451,Bartholomeo,Slaten,bslatenci@bloglines.com,Male,238.119.136.85
452,Tilly,Baish,tbaishcj@a8.net,Female,54.121.104.188
453,Levi,Armatage,larmatageck@skype.com,Male,158.228.40.194
454,Richy,Hember,rhembercl@elegantthemes.com,Male,62.113.11.241
455,Alleen,Chasteau,achasteaucm@etsy.com,Female,143.190.174.53
456,Flin,Nicely,fnicelycn@sbwire.com,Male,0.253.39.151
457,Dilly,Clendennen,dclendennenco@illinois.edu,Male,66.192.63.25
458,Ursula,Maxwale,umaxwalecp@quantcast.com,Female,3.114.203.254
459,Nissa,Mowat,nmowatcq@samsung.com,Female,80.1.72.245
460,Windy,Torrie,wtorriecr@mashable.com,Female,118.94.230.0
461,Obediah,Kamen,okamencs@live.com,Male,67.43.2.186
462,Lenard,Hards,lhardsct@ucoz.com,Male,166.42.38.50
463,Raynor,Westmancoat,rwestmancoatcu@washington.edu,Male,112.52.56.193
464,Jule,Powelee,jpoweleecv@sina.com.cn,Male,16.52.62.92
465,Bel,Marginson,bmarginsoncw@symantec.com,Female,240.223.144.232
466,Artemus,Athelstan,aathelstancx@rambler.ru,Male,49.227.212.2
467,Bevin,Thoday,bthodaycy@hatena.ne.jp,Male,217.67.54.141
468,Elfreda,Chessel,echesselcz@360.cn,Female,52.234.185.12
469,Quintina,Faircliff,qfaircliffd0@sun.com,Female,198.136.180.95
470,Deeanne,Dimitrie,ddimitried1@berkeley.edu,Female,192.20.109.86
471,Corabelle,Tomei,ctomeid2@gizmodo.com,Female,100.36.209.169
472,Davida,Loakes,dloakesd3@sun.com,Female,53.226.129.154
473,Roarke,Bloor,rbloord4@cpanel.net,Male,18.204.218.87
474,Sean,Buxy,sbuxyd5@goodreads.com,Male,29.31.30.157
475,Fidel,Drewet,fdrewetd6@weibo.com,Male,152.174.184.23
476,Rubetta,Sainter,rsainterd7@mac.com,Female,66.77.189.237
477,Raynor,Lafford,rlaffordd8@sfgate.com,Male,219.59.237.106
478,Tris,Presman,tpresmand9@sina.com.cn,Male,95.45.93.137
479,Enrika,Orniz,eornizda@i2i.jp,Female,137.2.64.196
480,Salomon,Gault,sgaultdb@merriam-webster.com,Male,221.66.191.103
481,Alano,Philimore,aphilimoredc@tiny.cc,Male,140.228.169.75
482,Gilberto,Huleatt,ghuleattdd@virginia.edu,Male,64.156.160.64
483,Nealy,Seaborn,nseabornde@1und1.de,Male,216.44.146.2
484,Galvin,Flowith,gflowithdf@blogger.com,Male,206.26.50.79
485,Northrup,Timperley,ntimperleydg@cyberchimps.com,Male,194.159.32.116
486,Ulrika,Maiklem,umaiklemdh@census.gov,Female,145.197.180.221
487,Gennifer,Le Barr,glebarrdi@linkedin.com,Female,155.223.126.121
488,Waldemar,Coggings,wcoggingsdj@princeton.edu,Male,146.38.206.89
489,Lillis,Matevosian,lmatevosiandk@unc.edu,Female,137.12.216.124
490,Susanne,Braikenridge,sbraikenridgedl@twitpic.com,Female,136.98.107.75
491,Stephie,Vasilmanov,svasilmanovdm@patch.com,Female,47.18.42.170
492,Karlene,McDavid,kmcdaviddn@meetup.com,Female,170.208.70.168
493,Claudelle,Cowill,ccowilldo@utexas.edu,Female,214.197.228.27
494,Charmaine,Hubbuck,chubbuckdp@gravatar.com,Female,107.24.254.59
495,Flinn,Stroton,fstrotondq@chronoengine.com,Male,70.5.43.164
496,Freeman,Edgell,fedgelldr@xrea.com,Male,159.101.185.165
497,Damon,Tutin,dtutinds@github.io,Male,118.138.158.172
498,Joli,Surguine,jsurguinedt@accuweather.com,Female,154.81.232.31
499,Kassi,Alders,kaldersdu@1und1.de,Female,140.253.68.243
500,Jeremiah,Peplow,jpeplowdv@amazon.de,Male,147.90.24.30
501,Hilde,Sillick,hsillickdw@blogtalkradio.com,Female,27.35.254.142
502,Laurel,Nequest,lnequestdx@ft.com,Female,58.166.115.171
503,Wittie,Jaffrey,wjaffreydy@smh.com.au,Male,29.136.77.210
504,Base,Ollin,bollindz@t.co,Male,101.36.209.69
505,Terri-jo,Edgecombe,tedgecombee0@pcworld.com,Female,228.205.17.203
506,Austin,McMackin,amcmackine1@foxnews.com,Male,10.189.105.12
507,Nada,Stevens,nstevense2@qq.com,Female,255.24.179.214
508,Stefan,Greenman,sgreenmane3@home.pl,Male,253.153.162.153
509,Anstice,Bothwell,abothwelle4@ted.com,Female,65.136.169.218
510,Laurent,Baish,lbaishe5@harvard.edu,Male,229.61.69.140
511,Paten,Troubridge,ptroubridgee6@nhs.uk,Male,209.64.229.46
512,Adan,Blockley,ablockleye7@techcrunch.com,Male,114.160.147.108
513,Ethelbert,Richardson,erichardsone8@live.com,Male,118.83.205.138
514,Lanny,Eayrs,leayrse9@myspace.com,Male,17.144.131.204
515,Locke,Eickhoff,leickhoffea@princeton.edu,Male,81.72.213.117
516,Audra,Bignell,abignelleb@simplemachines.org,Female,45.108.240.26
517,Virgina,Vicar,vvicarec@sun.com,Female,22.113.177.230
518,Field,Denny,fdennyed@bandcamp.com,Male,191.96.110.255
519,Sonnnie,Chewter,schewteree@wiley.com,Female,99.18.33.191
520,Jermaine,Channer,jchanneref@e-recht24.de,Female,43.220.23.53
521,Kassi,Whipple,kwhippleeg@oakley.com,Female,50.30.92.52
522,Kasper,Sackler,ksacklereh@tumblr.com,Male,188.181.105.254
523,Andy,Ruben,arubenei@engadget.com,Male,45.71.90.96
524,Elisha,Serrell,eserrellej@istockphoto.com,Female,129.54.35.95
525,Fredia,Gabbitis,fgabbitisek@google.ru,Female,124.187.18.52
526,Kristan,Vankov,kvankovel@wiley.com,Female,168.113.38.225
527,Stu,Beeze,sbeezeem@wired.com,Male,77.234.63.190
528,Karel,Beamiss,kbeamissen@elegantthemes.com,Male,43.146.228.164
529,Julee,Longstreet,jlongstreeteo@merriam-webster.com,Female,192.138.129.210
530,Luca,Lestrange,llestrangeep@soundcloud.com,Male,143.197.111.20
531,Abey,Dreier,adreiereq@amazon.co.uk,Male,50.191.102.242
532,Karisa,Cubley,kcubleyer@prlog.org,Female,60.50.33.1
533,Matthaeus,O'Sherrin,mosherrines@redcross.org,Male,153.136.219.231
534,Gustaf,Spriggen,gspriggenet@amazon.co.uk,Male,61.251.32.128
535,Eachelle,Kondrat,ekondrateu@examiner.com,Female,46.251.207.161
536,Ravi,Volonte,rvolonteev@123-reg.co.uk,Male,98.73.211.230
537,Jayme,Gilcrist,jgilcristew@umich.edu,Male,132.132.104.182
538,Bar,McCorry,bmccorryex@vimeo.com,Male,63.10.190.215
539,Pincus,Guion,pguioney@mozilla.com,Male,209.94.249.221
540,Danny,Doberer,ddobererez@cam.ac.uk,Male,95.82.211.79
541,Thia,Yonnie,tyonnief0@mail.ru,Female,95.39.116.38
542,Sidonnie,Ollive,sollivef1@purevolume.com,Female,205.69.161.19
543,Allix,Chandlar,achandlarf2@canalblog.com,Female,194.68.41.74
544,Paulie,Philippeaux,pphilippeauxf3@intel.com,Male,120.231.184.88
545,Jessey,Dudmesh,jdudmeshf4@amazonaws.com,Male,69.83.189.163
546,Alexis,Skahill,askahillf5@springer.com,Female,120.14.239.221
547,Kailey,Stanaway,kstanawayf6@usgs.gov,Female,239.68.14.79
548,Martainn,Batman,mbatmanf7@skyrock.com,Male,10.231.97.156
549,Omar,Bruckent,obruckentf8@tmall.com,Male,126.253.210.199
550,Cassaundra,Petrovykh,cpetrovykhf9@omniture.com,Female,221.92.14.225
551,Loleta,Barns,lbarnsfa@examiner.com,Female,98.240.205.215
552,Cassaundra,Keningley,ckeningleyfb@4shared.com,Female,125.229.17.69
553,Nicolle,Bavin,nbavinfc@stanford.edu,Female,59.164.98.90
554,Rufe,Darrigone,rdarrigonefd@t-online.de,Male,178.115.126.178
555,Robbi,Harkess,rharkessfe@cdc.gov,Female,115.46.14.174
556,Ulises,Goatman,ugoatmanff@guardian.co.uk,Male,22.244.224.231
557,Briana,Pounds,bpoundsfg@hp.com,Female,40.173.84.77
558,Kimball,Alu,kalufh@opera.com,Male,135.185.27.106
559,Massimiliano,Roizn,mroiznfi@upenn.edu,Male,117.70.116.218
560,Alva,Billing,abillingfj@cloudflare.com,Male,150.85.45.117
561,Rinaldo,Vaudre,rvaudrefk@msn.com,Male,167.204.157.215
562,Nyssa,Twitty,ntwittyfl@gnu.org,Female,120.153.86.18
563,Bennie,Towriss,btowrissfm@wp.com,Male,63.209.57.55
564,Heindrick,Gaughan,hgaughanfn@about.me,Male,168.250.231.45
565,Wallace,Tootell,wtootellfo@cafepress.com,Male,2.58.14.47
566,Jobi,MacGaughey,jmacgaugheyfp@1688.com,Female,0.255.95.128
567,Raychel,Bucktrout,rbucktroutfq@ask.com,Female,85.154.164.58
568,Oralie,Caret,ocaretfr@ucla.edu,Female,30.169.43.213
569,Robinetta,McCreedy,rmccreedyfs@gnu.org,Female,36.60.240.115
570,Fransisco,Cockayme,fcockaymeft@sbwire.com,Male,234.43.104.224
571,Claudio,Rubinowitsch,crubinowitschfu@opensource.org,Male,34.247.229.202
572,Mylo,Valsler,mvalslerfv@jigsy.com,Male,57.141.143.156
573,Valaree,Hatch,vhatchfw@ameblo.jp,Female,83.204.9.106
574,Shirl,Matanin,smataninfx@aboutads.info,Female,50.96.196.123
575,Phoebe,Andrey,pandreyfy@ca.gov,Female,6.93.54.86
576,Carmelia,Puckham,cpuckhamfz@mapquest.com,Female,219.101.197.161
577,Banky,Overall,boverallg0@tmall.com,Male,252.144.186.61
578,Kristi,Hamson,khamsong1@fda.gov,Female,114.250.171.12
579,Val,Dregan,vdregang2@nasa.gov,Female,177.138.43.48
580,Cornelius,Keel,ckeelg3@yellowpages.com,Male,109.146.171.167
581,Eadmund,Gianotti,egianottig4@seesaa.net,Male,91.67.57.224
582,Cornie,Raysdale,craysdaleg5@amazon.com,Male,252.220.123.245
583,Daron,Gittis,dgittisg6@exblog.jp,Male,37.252.192.18
584,Carlie,Androck,candrockg7@ucla.edu,Female,252.146.166.104
585,Myrtice,Battersby,mbattersbyg8@addtoany.com,Female,227.236.71.91
586,Gianina,Face,gfaceg9@irs.gov,Female,24.157.131.3
587,Dewain,Felix,dfelixga@ask.com,Male,183.233.49.21
588,Carita,Semorad,csemoradgb@elpais.com,Female,99.160.231.255
589,Mariya,Bysshe,mbysshegc@discovery.com,Female,253.95.111.33
590,Gwennie,Barley,gbarleygd@rambler.ru,Female,127.254.225.8
591,Issiah,Groll,igrollge@naver.com,Male,80.67.47.239
592,Aaren,Road,aroadgf@topsy.com,Female,213.18.25.205
593,Nessa,Jerdan,njerdangg@t-online.de,Female,233.184.190.63
594,Yancey,Mousby,ymousbygh@psu.edu,Male,17.230.10.147
595,Mureil,Hendren,mhendrengi@pbs.org,Female,5.230.57.3
596,Tressa,Tame,ttamegj@t-online.de,Female,179.241.102.134
597,Wilbert,Billie,wbilliegk@blog.com,Male,118.244.152.130
598,Markos,Mettericke,mmetterickegl@homestead.com,Male,39.60.254.147
599,Elle,Baumler,ebaumlergm@360.cn,Female,42.178.51.161
600,Gordan,Birkin,gbirkingn@bloglovin.com,Male,6.207.132.232
601,Ilse,Sherland,isherlandgo@istockphoto.com,Female,155.148.156.166
602,Stevy,Nancarrow,snancarrowgp@rakuten.co.jp,Male,242.33.100.240
603,Pietra,Bourgeois,pbourgeoisgq@yandex.ru,Female,67.251.143.210
604,Celestina,Scawen,cscawengr@posterous.com,Female,136.72.153.132
605,Maxie,Caile,mcailegs@bloglovin.com,Male,15.248.20.71
606,Igor,Prestland,iprestlandgt@howstuffworks.com,Male,252.173.34.253
607,Cozmo,Bollam,cbollamgu@zimbio.com,Male,46.105.97.8
608,Merwyn,Bouzek,mbouzekgv@networkadvertising.org,Male,44.137.143.137
609,Jasen,Jirus,jjirusgw@youtube.com,Male,114.110.119.58
610,Karleen,Benedicto,kbenedictogx@omniture.com,Female,222.43.231.120
611,Leupold,Hearty,lheartygy@guardian.co.uk,Male,45.76.46.135
612,Titus,Gomersall,tgomersallgz@cocolog-nifty.com,Male,213.152.76.217
613,Pate,Blaydes,pblaydesh0@theatlantic.com,Male,192.93.109.46
614,Wilfrid,Fairburne,wfairburneh1@techcrunch.com,Male,128.128.85.113
615,Bendick,Pennaman,bpennamanh2@europa.eu,Male,28.113.214.115
616,Becki,Normanvill,bnormanvillh3@fc2.com,Female,90.135.17.188
617,Matti,Tommei,mtommeih4@gmpg.org,Female,110.189.186.245
618,Deerdre,Peller,dpellerh5@bandcamp.com,Female,107.82.91.69
619,Kendall,Outhwaite,kouthwaiteh6@japanpost.jp,Male,2.88.208.77
620,Jessie,Finlater,jfinlaterh7@slate.com,Female,133.42.220.230
621,Warden,Schroder,wschroderh8@mlb.com,Male,188.38.14.91
622,Petronia,Simeoli,psimeolih9@google.it,Female,86.8.236.62
623,Maddie,Higounet,mhigounetha@icq.com,Female,16.100.79.187
624,Kikelia,Bellany,kbellanyhb@abc.net.au,Female,180.199.19.202
625,Candis,Batte,cbattehc@seattletimes.com,Female,3.49.42.19
626,Jacqueline,Di Domenico,jdidomenicohd@meetup.com,Female,195.254.27.133
627,Iolanthe,Weems,iweemshe@slashdot.org,Female,147.165.241.234
628,Linnea,Lalor,llalorhf@ibm.com,Female,210.209.193.119
629,Dore,Higgoe,dhiggoehg@bigcartel.com,Male,166.71.65.240
630,Bette,Whetton,bwhettonhh@angelfire.com,Female,109.112.116.93
631,Danyette,Hinemoor,dhinemoorhi@examiner.com,Female,71.44.245.35
632,Maryann,Connal,mconnalhj@noaa.gov,Female,21.176.157.93
633,Vaughan,Lorence,vlorencehk@newsvine.com,Male,96.126.117.211
634,Dore,Nunson,dnunsonhl@disqus.com,Female,118.211.116.14
635,Pepillo,Trays,ptrayshm@uol.com.br,Male,233.17.179.32
636,Antony,Dally,adallyhn@seattletimes.com,Male,170.89.75.13
637,Seamus,McCusker,smccuskerho@google.es,Male,160.169.228.113
638,Ulric,Champkins,uchampkinshp@apple.com,Male,191.155.85.239
639,Tobin,Iacopetti,tiacopettihq@gmpg.org,Male,46.219.222.55
640,Karin,Perelli,kperellihr@cmu.edu,Female,148.164.18.61
641,Cathlene,Narducci,cnarduccihs@simplemachines.org,Female,164.198.57.182
642,Cazzie,Benard,cbenardht@blogs.com,Male,71.207.147.202
643,Rudd,Seabourne,rseabournehu@noaa.gov,Male,26.144.114.200
644,Joy,Mushawe,jmushawehv@marriott.com,Female,131.112.180.161
645,Arlen,Northgraves,anorthgraveshw@elegantthemes.com,Female,172.25.167.209
646,Hamilton,Kunisch,hkunischhx@ucoz.com,Male,214.59.55.134
647,Giulietta,Bigadike,gbigadikehy@bloomberg.com,Female,171.43.14.27
648,Leora,Porkiss,lporkisshz@youtu.be,Female,21.239.241.185
649,Saba,Widdows,swiddowsi0@gmpg.org,Female,3.3.186.105
650,Ilene,Renyard,irenyardi1@gizmodo.com,Female,157.117.176.172
651,Delmer,Rajchert,drajcherti2@amazonaws.com,Male,253.84.27.190
652,Carly,Buckner,cbuckneri3@yahoo.com,Female,10.126.250.36
653,Morie,Laughnan,mlaughnani4@bluehost.com,Male,195.124.214.114
654,Cathleen,Leipoldt,cleipoldti5@wisc.edu,Female,177.85.118.71
655,Earvin,Lemerie,elemeriei6@cbslocal.com,Male,187.244.43.68
656,Zelda,Jerome,zjeromei7@tmall.com,Female,244.12.69.63
657,Stepha,Snelgar,ssnelgari8@topsy.com,Female,135.147.111.82
658,Valle,Skep,vskepi9@wunderground.com,Male,5.223.212.161
659,Brenden,Walas,bwalasia@phpbb.com,Male,98.148.132.138
660,Ahmed,Pie,apieib@mail.ru,Male,109.165.217.249
661,Juan,Yankov,jyankovic@technorati.com,Male,227.217.70.59
662,Bertie,Stockford,bstockfordid@wiley.com,Female,85.211.87.135
663,Bayard,Mulchrone,bmulchroneie@icio.us,Male,3.183.195.43
664,Natasha,Silvester,nsilvesterif@symantec.com,Female,4.34.0.243
665,Kirsteni,Spadotto,kspadottoig@miibeian.gov.cn,Female,54.92.22.92
666,Simonette,Oxtaby,soxtabyih@npr.org,Female,228.213.24.124
667,Des,Warmisham,dwarmishamii@xinhuanet.com,Male,234.214.250.229
668,Mitchell,Durman,mdurmanij@bravesites.com,Male,216.60.15.89
669,Vitia,Bricknall,vbricknallik@mtv.com,Female,22.248.211.84
670,Nady,Kinig,nkinigil@usnews.com,Female,1.165.147.227
671,Gardiner,Foden,gfodenim@noaa.gov,Male,206.237.182.116
672,Aurilia,MacCorley,amaccorleyin@merriam-webster.com,Female,100.170.45.88
673,Mel,Mynard,mmynardio@reference.com,Male,32.48.19.102
674,Dorelia,Frantsev,dfrantsevip@engadget.com,Female,66.153.213.246
675,Ibby,Cullingworth,icullingworthiq@squidoo.com,Female,251.49.209.21
676,Wren,Chichgar,wchichgarir@zdnet.com,Female,84.177.199.157
677,Averil,Bartolini,abartoliniis@nih.gov,Male,204.128.47.212
678,June,Aindrais,jaindraisit@businessinsider.com,Female,139.70.191.177
679,Fanny,Colam,fcolamiu@un.org,Female,96.15.249.189
680,Barnett,Chatten,bchatteniv@com.com,Male,124.136.110.162
681,Guthry,Bennell,gbennelliw@ustream.tv,Male,98.77.26.22
682,Jeddy,Korfmann,jkorfmannix@google.com.hk,Male,143.234.57.110
683,Bessy,Sayers,bsayersiy@home.pl,Female,63.27.94.171
684,Larry,Shee,lsheeiz@plala.or.jp,Male,174.176.60.133
685,Julie,Nolte,jnoltej0@delicious.com,Female,116.150.152.24
686,Meier,Parrin,mparrinj1@list-manage.com,Male,113.72.148.150
687,Lemuel,Plait,lplaitj2@ucoz.ru,Male,12.168.3.175
688,Augustin,Colaco,acolacoj3@typepad.com,Male,31.117.12.110
689,Juline,Brosoli,jbrosolij4@sourceforge.net,Female,132.180.53.133
690,Mindy,Jouhan,mjouhanj5@hubpages.com,Female,138.183.223.4
691,Alyss,Newborn,anewbornj6@google.com,Female,204.12.34.98
692,Adella,Dulanty,adulantyj7@networkadvertising.org,Female,22.54.36.5
693,Carmine,Deverock,cdeverockj8@phoca.cz,Male,245.69.212.204
694,Adair,Kaley,akaleyj9@time.com,Male,94.214.244.175
695,Manny,Beales,mbealesja@wikimedia.org,Male,0.4.127.97
696,Brig,Robardley,brobardleyjb@hc360.com,Male,76.113.20.106
697,Gib,Wickerson,gwickersonjc@baidu.com,Male,231.12.60.97
698,Kelsey,Casajuana,kcasajuanajd@gmpg.org,Female,148.33.156.253
699,Richmound,Rawson,rrawsonje@ebay.co.uk,Male,241.148.119.3
700,Jazmin,Costell,jcostelljf@guardian.co.uk,Female,128.202.112.152
701,Jessa,Bateman,jbatemanjg@harvard.edu,Female,6.47.206.48
702,Redford,Nevins,rnevinsjh@php.net,Male,166.253.88.155
703,Ryley,Kiddy,rkiddyji@sogou.com,Male,102.14.45.85
704,Hortense,McGillicuddy,hmcgillicuddyjj@pbs.org,Female,100.197.198.249
705,Zsa zsa,Luker,zlukerjk@theguardian.com,Female,50.1.203.113
706,Alida,Ales0,aalesjl@deliciousdays.com,Female,85.66.118.207
707,Maynord,Dawdary,mdawdaryjm@constantcontact.com,Male,243.179.177.98
708,Harvey,Leyden,hleydenjn@reverbnation.com,Male,184.175.246.82
709,Evaleen,Grunbaum,egrunbaumjo@photobucket.com,Female,92.162.238.115
710,Erv,Tonsley,etonsleyjp@wikimedia.org,Male,246.136.231.237
711,Merle,Blasetti,mblasettijq@sitemeter.com,Male,163.2.154.146
712,Katey,Entreis,kentreisjr@1688.com,Female,221.185.44.65
713,Karoly,Ikringill,kikringilljs@earthlink.net,Male,66.81.150.174
714,Georgine,Gobert,ggobertjt@ihg.com,Female,192.34.200.134
715,Lauritz,Exall,lexallju@lulu.com,Male,199.106.108.241
716,Maryrose,Shearmer,mshearmerjv@walmart.com,Female,231.137.50.59
717,Catie,Doreward,cdorewardjw@pen.io,Female,250.37.163.195
718,Kimberlyn,Tremblett,ktremblettjx@nhs.uk,Female,129.11.253.185
719,Catrina,Roddick,croddickjy@amazon.co.uk,Female,232.84.23.183
720,Gaby,Syvret,gsyvretjz@printfriendly.com,Female,138.117.72.79
721,Murdoch,Kalkofen,mkalkofenk0@arstechnica.com,Male,23.178.190.13
722,Tucker,Frances,tfrancesk1@who.int,Male,74.245.44.64
723,Wheeler,Blankenship,wblankenshipk2@hatena.ne.jp,Male,147.203.207.110
724,Elfreda,Dwelley,edwelleyk3@sakura.ne.jp,Female,98.128.160.142
725,Denny,Beatens,dbeatensk4@storify.com,Male,82.65.43.42
726,Lindsey,Curcher,lcurcherk5@ox.ac.uk,Male,142.208.236.27
727,Tildie,Ferrand,tferrandk6@upenn.edu,Female,74.216.80.1
728,La verne,Vatcher,lvatcherk7@netvibes.com,Female,154.77.221.10
729,Nicolette,Schreurs,nschreursk8@bluehost.com,Female,203.52.159.115
730,Nicolea,Gerrelts,ngerreltsk9@creativecommons.org,Female,210.110.115.138
731,Bale,MacRierie,bmacrierieka@delicious.com,Male,156.79.93.138
732,Mackenzie,Held,mheldkb@sphinn.com,Male,181.117.132.234
733,Hart,Heighway,hheighwaykc@taobao.com,Male,16.183.177.126
734,Merrill,Moxley,mmoxleykd@smugmug.com,Female,148.221.2.170
735,Cyrille,Chamberlain,cchamberlainke@reference.com,Male,107.21.221.67
736,Elvera,Hulstrom,ehulstromkf@cpanel.net,Female,63.138.247.161
737,Kass,Klampk,kklampkkg@columbia.edu,Female,251.49.250.62
738,Cart,Joel,cjoelkh@cocolog-nifty.com,Male,175.178.101.88
739,Terese,Caig,tcaigki@jigsy.com,Female,171.82.186.137
740,Timmie,Minshaw,tminshawkj@umich.edu,Male,223.246.122.130
741,Davon,Keys,dkeyskk@tripadvisor.com,Male,6.5.208.193
742,Clayton,Bentje,cbentjekl@usgs.gov,Male,229.71.0.244
743,Vikki,Broun,vbrounkm@reverbnation.com,Female,239.2.52.147
744,Noemi,Carson,ncarsonkn@wired.com,Female,93.85.241.25
745,Glennis,Giottoi,ggiottoiko@ihg.com,Female,64.211.160.14
746,Sidney,Stife,sstifekp@github.com,Male,207.40.226.167
747,Robbie,Judson,rjudsonkq@unblog.fr,Female,109.120.221.32
748,Barron,McLardie,bmclardiekr@addtoany.com,Male,244.219.80.5
749,Pierson,Folley,pfolleyks@t-online.de,Male,117.175.138.144
750,Niall,Beiderbeck,nbeiderbeckkt@usa.gov,Male,111.145.210.177
751,Jerry,Glasscock,jglasscockku@tripadvisor.com,Male,76.249.105.200
752,Wain,Spalls,wspallskv@uiuc.edu,Male,155.87.70.225
753,Sonnie,Ellingsworth,sellingsworthkw@yale.edu,Female,21.210.24.149
754,Dexter,de Wilde,ddewildekx@devhub.com,Male,225.227.154.161
755,Amabel,Bulcock,abulcockky@dmoz.org,Female,49.34.132.152
756,Ardelia,Spridgen,aspridgenkz@auda.org.au,Female,102.184.148.95
757,Seth,Brosel,sbrosell0@businessinsider.com,Male,225.26.111.237
758,Dimitri,Blaydon,dblaydonl1@nature.com,Male,254.199.179.85
759,Edythe,Paddison,epaddisonl2@over-blog.com,Female,22.186.68.178
760,Florinda,Basilotta,fbasilottal3@shutterfly.com,Female,129.102.180.222
761,Heidie,Poytress,hpoytressl4@livejournal.com,Female,10.206.121.47
762,Rodrigo,Killik,rkillikl5@ucla.edu,Male,82.154.167.0
763,Haily,Frizell,hfrizelll6@aol.com,Male,128.131.57.197
764,Terrell,Edwin,tedwinl7@nytimes.com,Male,85.121.133.187
765,Leela,McKimmie,lmckimmiel8@mlb.com,Female,156.54.106.225
766,Marley,Maffulli,mmaffullil9@si.edu,Female,201.153.235.4
767,Merrili,Danhel,mdanhella@cdc.gov,Female,65.17.33.21
768,Karoly,Laugharne,klaugharnelb@dmoz.org,Male,66.24.233.6
769,Lyndsey,Peatheyjohns,lpeatheyjohnslc@statcounter.com,Female,99.205.123.96
770,Adair,Copelli,acopellild@pen.io,Male,161.56.137.50
771,Bernhard,Eller,bellerle@bing.com,Male,147.53.39.60
772,Dael,Hanmer,dhanmerlf@xrea.com,Male,28.207.49.172
773,Heindrick,Brou,hbroulg@yahoo.com,Male,130.240.77.153
774,Stillmann,O'Dowgaine,sodowgainelh@guardian.co.uk,Male,97.31.89.70
775,Humfrid,Polk,hpolkli@is.gd,Male,48.167.46.229
776,Arluene,Rhys,arhyslj@huffingtonpost.com,Female,121.43.214.201
777,Michelina,Ballam,mballamlk@bbb.org,Female,133.97.183.246
778,Kynthia,MacKeogh,kmackeoghll@themeforest.net,Female,2.231.180.70
779,Wait,Harniman,wharnimanlm@economist.com,Male,132.15.118.225
780,Steward,Render,srenderln@webmd.com,Male,120.245.238.216
781,Shelley,Yggo,syggolo@technorati.com,Male,184.202.78.58
782,Luis,De Angelis,ldeangelislp@lycos.com,Male,118.175.163.234
783,Joachim,Camock,jcamocklq@w3.org,Male,120.68.46.212
784,Ardeen,Melliard,amelliardlr@techcrunch.com,Female,135.43.100.85
785,Lemmy,McCawley,lmccawleyls@youtu.be,Male,164.221.55.106
786,Marylin,Adamczyk,madamczyklt@yellowpages.com,Female,118.34.168.185
787,Mycah,Hatherleigh,mhatherleighlu@netscape.com,Male,187.56.103.9
788,Xylina,Carley,xcarleylv@etsy.com,Female,187.109.149.117
789,Renaud,Titterrell,rtitterrelllw@whitehouse.gov,Male,243.173.216.48
790,Curtis,Bruyns,cbruynslx@shareasale.com,Male,121.126.139.26
791,Gayle,Brunning,gbrunningly@sohu.com,Male,97.214.167.204
792,Giraud,Burdas,gburdaslz@usnews.com,Male,157.233.142.85
793,Rance,Baseley,rbaseleym0@delicious.com,Male,53.77.108.14
794,Sayre,Rentalll,srentalllm1@nasa.gov,Male,87.130.132.35
795,Antoinette,Borles,aborlesm2@loc.gov,Female,136.253.20.109
796,Alberik,Rounds,aroundsm3@cam.ac.uk,Male,27.220.58.240
797,Jesselyn,Dykes,jdykesm4@jimdo.com,Female,59.89.87.115
798,Koo,McInteer,kmcinteerm5@usnews.com,Female,171.168.148.246
799,Sasha,Humblestone,shumblestonem6@techcrunch.com,Female,20.46.253.139
800,Heida,Duckerin,hduckerinm7@icq.com,Female,162.134.64.34
801,Berk,Spellacey,bspellaceym8@cpanel.net,Male,34.240.184.139
802,Alix,Reisk,areiskm9@netlog.com,Male,95.113.156.124
803,Blane,Mullany,bmullanyma@boston.com,Male,68.248.125.204
804,Janey,Lodevick,jlodevickmb@usa.gov,Female,126.194.42.55
805,Karilynn,Kitchen,kkitchenmc@weather.com,Female,253.239.238.217
806,Renelle,Emnoney,remnoneymd@wikispaces.com,Female,209.185.13.4
807,Dody,McCulloch,dmccullochme@smh.com.au,Female,206.83.64.69
808,Aland,Bortoletti,abortolettimf@chronoengine.com,Male,39.61.30.129
809,Suzie,Dan,sdanmg@mozilla.org,Female,37.136.107.99
810,Carilyn,Showt,cshowtmh@bandcamp.com,Female,54.189.172.6
811,Erda,Glashby,eglashbymi@google.com.br,Female,215.0.89.179
812,Mauricio,Sandey,msandeymj@abc.net.au,Male,86.239.48.171
813,Yoko,Rousel,yrouselmk@spiegel.de,Female,53.234.158.191
814,Wit,Driscoll,wdriscollml@digg.com,Male,167.233.48.66
815,Melvyn,Tysack,mtysackmm@foxnews.com,Male,67.239.193.59
816,Jody,Curtin,jcurtinmn@illinois.edu,Female,39.148.23.194
817,Storm,Oliff,soliffmo@i2i.jp,Female,212.11.134.70
818,Fax,Buffin,fbuffinmp@rediff.com,Male,34.234.233.27
819,Eve,Shwalbe,eshwalbemq@clickbank.net,Female,72.163.12.148
820,Gary,Wollard,gwollardmr@senate.gov,Male,72.214.173.223
821,Janelle,Davet,jdavetms@about.com,Female,236.107.230.242
822,Donna,Pittford,dpittfordmt@ezinearticles.com,Female,34.111.157.126
823,Aura,Newbold,anewboldmu@gizmodo.com,Female,10.224.73.46
824,Kendre,Shewring,kshewringmv@pagesperso-orange.fr,Female,127.84.181.61
825,Webb,Sapwell,wsapwellmw@ihg.com,Male,26.51.246.182
826,Robinette,Menichino,rmenichinomx@sina.com.cn,Female,67.109.63.243
827,Timmie,Kabisch,tkabischmy@walmart.com,Female,164.65.171.151
828,Rik,Muzzillo,rmuzzillomz@cpanel.net,Male,62.181.153.165
829,Sunshine,Cleminson,scleminsonn0@plala.or.jp,Female,4.123.192.155
830,Moria,Frame,mframen1@mozilla.org,Female,34.82.208.168
831,Lizbeth,Ubee,lubeen2@topsy.com,Female,7.105.32.238
832,Ker,Gritskov,kgritskovn3@vk.com,Male,58.241.110.81
833,Rani,Malone,rmalonen4@narod.ru,Female,135.220.34.99
834,Pamelina,Muckleston,pmucklestonn5@surveymonkey.com,Female,160.59.50.31
835,Hyman,Allred,hallredn6@amazon.co.jp,Male,229.56.72.211
836,Nowell,Euesden,neuesdenn7@sun.com,Male,228.189.91.26
837,Phineas,Gretham,pgrethamn8@ow.ly,Male,148.16.47.100
838,Mayne,Shmyr,mshmyrn9@ebay.com,Male,12.14.161.35
839,Leonard,Santore,lsantorena@google.it,Male,70.136.169.146
840,Ollie,Neenan,oneenannb@creativecommons.org,Male,51.7.147.242
841,Marta,McIntosh,mmcintoshnc@fotki.com,Female,4.180.225.100
842,Rochell,Osselton,rosseltonnd@army.mil,Female,239.77.228.228
843,Cordy,Pollastrone,cpollastronene@tinypic.com,Female,201.171.119.244
844,Fons,Broxholme,fbroxholmenf@newsvine.com,Male,123.58.45.197
845,Kali,Tart,ktartng@irs.gov,Female,73.49.157.51
846,Peder,Bonde,pbondenh@over-blog.com,Male,156.48.60.217
847,Barnabe,Seakes,bseakesni@wunderground.com,Male,107.218.56.61
848,Jacinta,Mazonowicz,jmazonowicznj@sogou.com,Female,35.166.69.234
849,Dominga,Lemmens,dlemmensnk@addthis.com,Female,10.127.208.235
850,Melodee,Eyeington,meyeingtonnl@deviantart.com,Female,117.238.61.2
851,Roddy,Davisson,rdavissonnm@cafepress.com,Male,71.32.204.253
852,Pablo,Fieldgate,pfieldgatenn@infoseek.co.jp,Male,206.95.50.41
853,Eliza,Macbane,emacbaneno@epa.gov,Female,135.32.83.214
854,Barbette,Capstake,bcapstakenp@livejournal.com,Female,143.88.235.49
855,Griffith,Newton,gnewtonnq@studiopress.com,Male,169.211.12.241
856,Megan,Destouche,mdestouchenr@cnbc.com,Female,34.231.227.167
857,Gertie,Casarili,gcasarilins@diigo.com,Female,150.73.78.223
858,Thom,Romans,tromansnt@list-manage.com,Male,224.48.48.254
859,Jorrie,Saunder,jsaundernu@linkedin.com,Female,189.64.59.13
860,Tressa,Flanne,tflannenv@tinypic.com,Female,63.102.7.239
861,Trumaine,Sparshott,tsparshottnw@state.tx.us,Male,107.170.193.185
862,Abbot,Linsley,alinsleynx@ibm.com,Male,193.241.159.36
863,Allsun,Deniscke,adenisckeny@cnn.com,Female,75.219.186.222
864,Huntlee,Ioannidis,hioannidisnz@telegraph.co.uk,Male,254.43.204.48
865,Pat,Harries,pharrieso0@printfriendly.com,Male,160.95.121.4
866,Georges,Rubinlicht,grubinlichto1@who.int,Male,36.157.144.223
867,Isidor,Walter,iwaltero2@ftc.gov,Male,135.200.183.153
868,Elissa,Manthroppe,emanthroppeo3@globo.com,Female,171.179.101.79
869,Aleta,Letchmore,aletchmoreo4@umn.edu,Female,214.141.216.136
870,Jenifer,Habishaw,jhabishawo5@behance.net,Female,249.63.89.171
871,Duncan,Filde,dfildeo6@spotify.com,Male,19.192.98.64
872,Edita,Trouel,etrouelo7@over-blog.com,Female,56.51.254.155
873,Zared,Allworthy,zallworthyo8@hatena.ne.jp,Male,218.44.84.136
874,Ingar,Farney,ifarneyo9@un.org,Male,108.101.147.29
875,Winna,Dungay,wdungayoa@1und1.de,Female,93.75.86.134
876,De witt,Dumbelton,ddumbeltonob@sun.com,Male,178.83.213.134
877,Karalynn,Rhead,krheadoc@bluehost.com,Female,8.115.233.68
878,Carlyle,Urridge,curridgeod@macromedia.com,Male,88.30.0.167
879,Franklin,Dodsworth,fdodsworthoe@google.com.br,Male,122.3.156.224
880,Rora,Rimell,rrimellof@ox.ac.uk,Female,134.77.43.14
881,Jo-ann,Blakelock,jblakelockog@yahoo.com,Female,110.195.27.175
882,Stevie,Snead,ssneadoh@meetup.com,Male,87.177.204.250
883,Petra,Coleby,pcolebyoi@dell.com,Female,234.224.48.40
884,Lorinda,Hoggetts,lhoggettsoj@a8.net,Female,177.111.182.239
885,Charil,Spear,cspearok@bbb.org,Female,8.225.188.143
886,Lissi,Saunper,lsaunperol@earthlink.net,Female,21.58.93.63
887,Kalina,de Keep,kdekeepom@illinois.edu,Female,102.236.56.239
888,Gerrilee,Follit,gfolliton@csmonitor.com,Female,211.100.108.18
889,Temple,Duro,tdurooo@biglobe.ne.jp,Male,68.36.113.57
890,Casar,McQuaker,cmcquakerop@google.com.br,Male,145.139.216.184
891,Brockie,Matteau,bmatteauoq@so-net.ne.jp,Male,57.31.3.94
892,Syman,Wilkie,swilkieor@live.com,Male,56.64.194.171
893,Alexandr,Howman,ahowmanos@google.pl,Male,147.231.222.133
894,Kerk,Lynch,klynchot@prnewswire.com,Male,87.96.214.255
895,Brig,Spellard,bspellardou@macromedia.com,Male,227.149.239.9
896,Eugine,Grievson,egrievsonov@list-manage.com,Female,118.38.114.18
897,Flem,MacKibbon,fmackibbonow@webnode.com,Male,158.56.173.195
898,Quintin,Plom,qplomox@bluehost.com,Male,211.230.61.36
899,Charil,Fawdry,cfawdryoy@bandcamp.com,Female,102.140.158.134
900,Petronilla,Ciraldo,pciraldooz@tumblr.com,Female,184.242.91.214
901,Billy,Czajkowska,bczajkowskap0@arstechnica.com,Male,132.125.99.154
902,Angelika,Strooband,astroobandp1@quantcast.com,Female,4.0.72.176
903,Egor,Marriage,emarriagep2@nationalgeographic.com,Male,106.132.105.66
904,Broddy,Fillan,bfillanp3@so-net.ne.jp,Male,140.57.115.78
905,Erin,Barrell,ebarrellp4@china.com.cn,Male,220.226.223.1
906,Boy,Garstan,bgarstanp5@intel.com,Male,124.90.64.86
907,Mortie,Laneham,mlanehamp6@ihg.com,Male,14.206.155.22
908,Palm,Veregan,pvereganp7@blogger.com,Male,125.196.88.182
909,Clio,Bolmann,cbolmannp8@oracle.com,Female,112.159.73.51
910,Karlens,Bamforth,kbamforthp9@epa.gov,Male,39.237.22.6
911,Misty,Parlet,mparletpa@chronoengine.com,Female,220.12.220.53
912,Starlin,Pre,sprepb@over-blog.com,Female,63.193.61.145
913,Orbadiah,Bille,obillepc@friendfeed.com,Male,168.123.81.75
914,Ferdinande,Kalinowsky,fkalinowskypd@canalblog.com,Female,95.245.223.203
915,Kassey,Leggitt,kleggittpe@wufoo.com,Female,51.57.249.215
916,Cullin,Lissandri,clissandripf@t.co,Male,210.183.67.35
917,Aurore,Bach,abachpg@boston.com,Female,91.88.28.152
918,Waldemar,Fabbro,wfabbroph@latimes.com,Male,114.143.90.162
919,Finlay,Caban,fcabanpi@wikispaces.com,Male,36.56.47.247
920,Artair,Crosi,acrosipj@surveymonkey.com,Male,211.42.224.175
921,Shelly,Bauldry,sbauldrypk@woothemes.com,Female,227.236.107.116
922,Isidora,Smoughton,ismoughtonpl@gov.uk,Female,252.104.198.156
923,Tybi,Garmons,tgarmonspm@wufoo.com,Female,1.235.233.242
924,Yelena,Streetfield,ystreetfieldpn@aol.com,Female,8.69.195.96
925,Berkie,Matthewman,bmatthewmanpo@buzzfeed.com,Male,20.158.224.56
926,Micheal,Dreghorn,mdreghornpp@illinois.edu,Male,91.184.52.40
927,Cassy,Mohammad,cmohammadpq@wsj.com,Female,29.230.249.246
928,Giulietta,Cristofano,gcristofanopr@wisc.edu,Female,176.105.224.130
929,Burr,Freebury,bfreeburyps@yandex.ru,Male,222.107.50.59
930,Nellie,Greenley,ngreenleypt@unblog.fr,Female,116.153.105.223
931,Kaitlyn,Starkings,kstarkingspu@latimes.com,Female,49.112.220.121
932,Darnell,Morford,dmorfordpv@wikispaces.com,Male,107.212.99.43
933,Woodman,Undy,wundypw@miibeian.gov.cn,Male,150.230.113.140
934,Willem,Gibbings,wgibbingspx@yellowbook.com,Male,81.249.229.34
935,Georgena,Dutt,gduttpy@fastcompany.com,Female,3.25.134.37
936,Wang,Jaggers,wjaggerspz@cbsnews.com,Male,72.15.248.201
937,Nisse,Reinert,nreinertq0@google.it,Female,220.135.228.167
938,Shepperd,Goodinge,sgoodingeq1@ucsd.edu,Male,14.54.54.244
939,Jeanie,Ragsdall,jragsdallq2@usatoday.com,Female,250.107.133.230
940,Harriott,Garmon,hgarmonq3@discovery.com,Female,164.217.67.185
941,Tome,Craufurd,tcraufurdq4@godaddy.com,Male,3.103.250.20
942,Lou,Glewe,lgleweq5@ovh.net,Male,98.231.38.96
943,Bradney,Duer,bduerq6@tamu.edu,Male,200.122.66.174
944,Mordy,Beades,mbeadesq7@nhs.uk,Male,130.202.129.57
945,Tabbie,Kem,tkemq8@independent.co.uk,Male,10.215.134.103
946,Daisi,Leijs,dleijsq9@1und1.de,Female,93.73.161.145
947,Katalin,Legg,kleggqa@bandcamp.com,Female,146.194.14.165
948,Sinclare,Stinton,sstintonqb@slideshare.net,Male,75.240.238.183
949,Benedicto,Konneke,bkonnekeqc@china.com.cn,Male,96.81.251.54
950,Cullin,Draysay,cdraysayqd@state.tx.us,Male,75.156.102.239
951,Liva,Yukhnevich,lyukhnevichqe@yahoo.co.jp,Female,157.220.100.180
952,Sibelle,Espinet,sespinetqf@pbs.org,Female,85.188.7.148
953,Beniamino,Dailey,bdaileyqg@archive.org,Male,112.91.83.202
954,Rachael,Rosenauer,rrosenauerqh@ycombinator.com,Female,214.2.12.229
955,Cory,Starkey,cstarkeyqi@delicious.com,Male,172.148.249.57
956,Melitta,Hegdonne,mhegdonneqj@google.cn,Female,135.97.233.107
957,Barth,Giffin,bgiffinqk@freewebs.com,Male,197.53.6.154
958,Madelin,Lovitt,mlovittql@netscape.com,Female,142.44.23.26
959,Corabel,Bourthouloume,cbourthouloumeqm@archive.org,Female,191.75.168.241
960,Dew,Late,dlateqn@samsung.com,Male,183.123.84.237
961,Thomas,Weston,twestonqo@forbes.com,Male,157.249.9.238
962,Elie,Carvilla,ecarvillaqp@craigslist.org,Female,239.64.79.159
963,Myrtia,Kave,mkaveqq@technorati.com,Female,164.98.43.14
964,Hatti,Stiling,hstilingqr@ow.ly,Female,68.75.218.118
965,Ronald,Gogie,rgogieqs@cdbaby.com,Male,69.169.206.137
966,Lamond,Swains,lswainsqt@cnbc.com,Male,120.41.189.123
967,Flin,Hammarberg,fhammarbergqu@mysql.com,Male,78.22.23.125
968,Rurik,Breazeall,rbreazeallqv@netvibes.com,Male,162.166.255.137
969,Matthaeus,Machan,mmachanqw@yahoo.co.jp,Male,235.50.249.244
970,Innis,Lawtey,ilawteyqx@barnesandnoble.com,Male,7.93.168.89
971,Elton,Griston,egristonqy@webs.com,Male,43.198.67.27
972,Lira,Hulburt,lhulburtqz@spotify.com,Female,250.88.53.105
973,Bernice,Orring,borringr0@salon.com,Female,136.167.67.113
974,Karola,Sanper,ksanperr1@taobao.com,Female,229.38.25.25
975,Dynah,Bampkin,dbampkinr2@yellowbook.com,Female,247.222.78.86
976,Lorry,Jasik,ljasikr3@quantcast.com,Male,253.183.142.37
977,Edsel,Hundal,ehundalr4@smugmug.com,Male,235.200.7.236
978,Pandora,Tather,ptatherr5@fda.gov,Female,144.234.214.194
979,Sandie,Hagley,shagleyr6@newyorker.com,Female,248.244.241.87
980,Heall,Dyka,hdykar7@soup.io,Male,199.27.94.129
981,Artur,Antusch,aantuschr8@google.de,Male,8.242.151.126
982,Sansone,Jacquemot,sjacquemotr9@pcworld.com,Male,119.65.136.214
983,Annissa,Andrysek,aandrysekra@mysql.com,Female,182.81.128.191
984,Cozmo,Kubelka,ckubelkarb@homestead.com,Male,79.113.236.97
985,Maggy,Hubberstey,mhubbersteyrc@wp.com,Female,125.193.37.103
986,Olive,Barniss,obarnissrd@topsy.com,Female,118.64.110.141
987,Loleta,Findlay,lfindlayre@hc360.com,Female,72.239.55.169
988,Tate,Abbett,tabbettrf@twitpic.com,Male,210.69.16.254
989,Grady,Rabson,grabsonrg@123-reg.co.uk,Male,132.161.96.105
990,Johny,Silman,jsilmanrh@harvard.edu,Male,58.161.98.148
991,Stanly,Creaney,screaneyri@trellian.com,Male,59.225.155.105
992,Kariotta,Paolicchi,kpaolicchirj@storify.com,Female,30.125.177.145
993,Anni,Germon,agermonrk@cornell.edu,Female,24.174.120.164
994,Gusta,Friberg,gfribergrl@webeden.co.uk,Female,43.186.64.134
995,Vaclav,Tidgewell,vtidgewellrm@ning.com,Male,193.15.70.70
996,Lauren,Pyper,lpyperrn@nsw.gov.au,Male,186.100.77.78
997,Burg,Croizier,bcroizierro@spotify.com,Male,20.7.228.89
998,My,Sergent,msergentrp@drupal.org,Male,53.154.56.23
999,Wright,Paramor,wparamorrq@pcworld.com,Male,132.14.121.174
1000,Ardis,Critten,acrittenrr@fc2.com,Female,214.195.155.51
